Method,Nodes,Throughput(Mbps),Delay(ms),Overhead(%),PacketLoss(%),PDR(%)
Dijkstra,10,3.99,17.44,0.0,2.5,97.5
Dijkstra,15,3.86,20.48,0.0,5.83,94.17
Dijkstra,20,3.96,23.87,0.0,3.33,96.67
Dijkstra,25,3.75,30.17,0.0,8.33,91.67
Dijkstra,30,3.72,31.03,0.0,9.17,90.83
Dijkstra,35,3.96,33.02,0.0,3.33,96.67
Dijkstra,40,3.82,34.62,0.0,6.67,93.33
Dijkstra,45,3.69,36.07,0.0,10.0,90.0
Dijkstra,50,3.79,41.74,0.0,7.5,92.5
OSPF,10,3.96,17.85,80.54,3.33,96.67
OSPF,15,3.89,23.0,86.33,5.0,95.0
OSPF,20,3.86,25.09,89.47,5.83,94.17
OSPF,25,3.82,30.28,91.46,6.67,93.33
OSPF,30,3.99,30.37,92.49,2.5,97.5
OSPF,35,3.99,31.66,93.49,2.5,97.5
OSPF,40,3.79,36.53,94.53,7.5,92.5
OSPF,45,3.75,37.38,95.15,8.33,91.67
OSPF,50,3.89,37.51,95.47,5.0,95.0
RL,10,3.72,19.12,75.1,9.17,90.83
RL,15,3.69,24.1,76.42,10.0,90.0
RL,20,3.65,27.12,78.85,10.83,89.17
RL,25,3.35,26.58,80.45,18.33,81.67
RL,30,3.52,29.06,80.56,14.17,85.83
RL,35,3.65,36.31,80.11,10.83,89.17
RL,40,3.75,34.31,81.11,8.33,91.67
RL,45,3.38,38.38,83.11,17.5,82.5
RL,50,3.45,35.45,83.02,15.83,84.17
AMARL,10,3.89,19.78,73.94,5.0,95.0
AMARL,15,3.69,23.17,76.67,10.0,90.0
AMARL,20,3.65,26.14,77.98,10.83,89.17
AMARL,25,3.69,28.89,78.58,10.0,90.0
AMARL,30,3.75,31.4,79.91,8.33,91.67
AMARL,35,3.52,34.74,81.1,14.17,85.83
AMARL,40,3.58,32.57,81.42,12.5,87.5
AMARL,45,3.58,36.54,81.76,12.5,87.5
AMARL,50,3.55,38.38,82.85,13.33,86.67
